ID,Tab Title
654057,"Kent Displays Boogie Board Sketch Pals, Juno the Beetle - Micro Center"
654058,Micro Center - WD Black SN850 1TB 3D TLC NAND PCIe Gen 4 x4 NVMe M.2 Internal SSD - For PS5 WDBBKW0010BBK-W
654059,Micro Center - WD Black SN850 2TB 3D TLC NAND PCIe Gen 4 x4 NVMe M.2 Internal SSD - For PS5 WDBBKW0020BBK-W
654060,BTI High Wattage 180W AC Adapter for Dell Laptops - Micro Center
654061,Micro Center 1TB Performance microSDXC Class 10 / UHS-I / U3 / V30 / A2 Flash Memory Card with Adapter - Micro Center
654062,"LG gram 16Z90Q-K.AAC7U1 16.0"" Intel Evo Platform Laptop Computer - Black; Intel Core i7 12th Gen 1260P 2.1GHz - Micro Center"
654063,Micro Center - Micro Center Micro Center Performance 1TB microSDXC Card UHS-I Flash Memory Card Class 10 U3 V30 A2 Micro SD Card with Adapter - Single Pack 1TB A2 MICRO SP
654064,Belkin BOOST CHARGE Braided USB Type-C to USB Type-C Cable (Black) - 3.3ft. - Micro Center
654065,Micro Center 1TB microSDXC Class 10 / UHS-I / U3 / V30 / A1 Flash Memory Card with Adapter - Micro Center
654066,Micro Center - Micro Center Micro Center 512GB microSDXC Class 10 / U3 / V30 / A1 Flash Memory Card with Adapter - Single Pack 1TBU3 MICRO SP
654067,Belkin BOOST CHARGE Braided USB Type-C to USB Type-C Cable - White - Micro Center
654068,Belkin BOOST CHARGE Braided USB Type-C to USB Type-C Cable (Black) - 6.6ft - Micro Center
654072,ASUS B650E-F ROG STRIX GAMING WIFI AMD AM5 ATX Motherboard - Micro Center
654073,HP DeskJet 4155e All-in-One Wireless Color Printer; 3 months Instant Ink included with HP+ - Micro Center
654074,NETGEAR 8-Port Ultra60 PoE Multi-Gigabit Ethernet Plus Switch - Micro Center
654075,NETGEAR Nighthawk XR1000 AX5400 Pro Gaming 6-Stream WiFi 6 Router; Wireless speed up to 5.4 Gbps; DumaOS 3.0 Optimizes - Micro Center
654076,NETGEAR Orbi CBR750 DOCSIS 3.1 Tri-Band AX4200 Cable Modem/WiFi Router Combo; 32 x 8 Bonded Channels; 4.2 Gbps Max Speed; 4 - Micro Center
654077,Lenovo 45W AC Adapter (Slim Tip) - Micro Center
654078,QVS 3.5mm Male to RCA Male Composite Video & Stereo Audio Camcorder Cable 6 ft. - Black - Micro Center
654085,Scosche Industries Strikeline Lightning Male to USB 2.0 (Type-C) Male Apple Premium MFi Certified Braided Charge/ Sync Cable - Micro Center
654086,iEssentials Lightning to USB Type-A Tangle Free Braided Charge & Sync  Cable 6 ft. - Blue - Micro Center
654087,Micro Center - iEssentials Lightning to USB Type-A Tangle Free Braided Charge & Sync  Cable 6 ft. - Rose Gold IEN-BC6L-RGLD
654088,Micro Center - Inland Lightning Male to USB 2.0 (Type-A) Male Data Sync/ Charge Cable 6 ft. - White LSLTN6FTW
654091,Micro Center - Olympus E-M10 16.1 Megapixel Digital SLR Camera with 14-42mm Lens - Black V207021BU000
654103,Web Programming Tool Books : Micro Center
654122,"McGraw-Hill CompTIA Security+ Certification Bundle, Third Edition (Exam SY0-501) - Micro Center"
654124,"Pearson/Macmillan Books iPad and iPhone Tips and Tricks: Covers all iPad and iPhone models that run iOS 10,  6th Edition - Micro Center"
654139,Laptops/Notebooks : Micro Center
654152,Avanquest Partition Commander Professional 10 (PC) - Micro Center
654153,Avanquest Registry Utilities Professional - Micro Center
654154,Avanquest Perfect Image Professional (PC) - Micro Center
654157,"Nintendo Pokemon: Let's Go, Eevee! (Switch) - Micro Center"
654158,Nintendo Nintendo Super Smash Bros. Ultimate (Switch) - Micro Center
654160,Nintendo Mario Kart 8 Deluxe (Switch) - Micro Center
654161,Nintendo Super Mario Odyssey (Switch) - Micro Center
654164,Nintendo New Super Mario Bros. U Deluxe (Switch) - Micro Center
654165,Nintendo Animal Crossing: New Horizons (Switch) - Micro Center
654166,Digipower Nikon Digital Camera Travel Charger - Micro Center
654173,Microsoft Windows 11 Home 64-Bit FPP USB - English - Micro Center
654174,Microsoft Windows 11 Pro 64-Bit FPP USB - English - Micro Center
654176,Savage Chroma Green Travel Backdrop Kit - Micro Center
654177,Elgato Green Screen MT - Micro Center
654178,"Tucano USA Smilza Super-slim Bag for Laptop 15.6"" and MacBook Pro 16"" - Blue - Micro Center"
654179,"Tucano USA Lato 2 Backpack for Laptop 14"" and MacBook Air/Pro 13"" - Blue - Micro Center"
654183,Electronic Arts Madden NFL 23 - Micro Center
654184,Electronic Arts Madden NFL 23 - Micro Center
654185,Elgato Green Screen Mouse Mat - Micro Center
654190,Tablets : Micro Center
654193,Webaround Big Shot Green Screen 56 inch - Micro Center
654194,Micro Center - Duracell CopperTop AA Alkaline Batteries - 24 Pack D23 00057
654195,Micro Center - Duracell CopperTop AAA Alkaline Battery - 8 pack D23 04261
654197,iolo technologies System Mechanic Ultimate Defense - Micro Center
654198,Elgato Green Screen w/ Collapsible Stand - Micro Center
654200,"Valera Screens Explorer 70 Green Screen Large 70"" Diagonal Screen Area (63""H x 36""W) 16 x 9 Aspect Ratio - Micro Center"
654201,"Valera Screens Explorer 90 Green Screen Extra Large 90"" Diagonal Screen Area (78""H x 44""W) 16 x 9 Aspect Ratio - Micro Center"
654202,Valera Screens Creator 95 Collapsible Green Screen for Streaming 75” x 58” Screen Area 11 lbs – Chroma Key Wrinkle Resistant - Micro Center
654210,Intex Entertainment Tournament Chess - Micro Center
654218,"Mike Murach & Assoc. Murach's Python Programming, 2nd Edition - Micro Center"
654219,SteelSeries Arctis 1 Wired Gaming Headet for Xbox - Micro Center
654224,"Pearson/Macmillan Books Ubuntu Linux Unleashed, 14th Edition - Micro Center"
654225,Pearson/Macmillan Books **THE PRAGMATIC PROGRAMME - Micro Center
654226,"Pearson/Macmillan Books Effective Python: 90 Specific Ways to Write Better Python, 2nd Edition - Micro Center"
654227,"Pearson/Macmillan Books Exam Ref MD-100 Windows 10, 1st Edition - Micro Center"
654228,Pearson/Macmillan Books 31 Days Before Your CCNA Exam - Micro Center
654233,Microsoft Surface Pen M1776 SC EN/XD/ES Hdwr Platinum - Micro Center
654234,Microsoft Surface Pen - Black - Micro Center
654235,Microsoft USB-C to HDMI Adapter - Micro Center
654236,Microsoft USB-C to VGA Adapter - Micro Center
654237,Microsoft Bluetooth Optical Mouse - Silver - Micro Center
654238,Microsoft 24W Power Supply for Microsoft Surface Go - Micro Center
654240,Wired And Wireless Mice : Micro Center
654241,Microsoft USB 3.1 (Gen 1 Type-C) to Ethernet and USB 3.1 (Gen 1 Type-A) Adapter - Black - Micro Center
654242,Microsoft Surface Mobile Mouse - Silver - Micro Center
654243,"CAD Audio PM4100 31.5"" Microphone Boom Arm; Podcasting and Streaming - Micro Center"
654244,"Wiley Linux Command Line and Shell Scripting Bible, 4th Edition - Micro Center"
654246,"Pearson/Macmillan Books JavaScript Absolute Beginner's Guide, 2nd Edition - Micro Center"
654248,Blackmagic Design Pocket Cinema Camera 4K - Micro Center
654250,Blackmagic Design Pocket Cinema Camera 6K Pro - Micro Center
654252,Bower LED Selfie Ring Studio Light - Micro Center
654253,Razer USB LED Ring Light - Micro Center
654254,CAD Audio AS34 Acousti-Shield Audio Recording Noise Dampener - Micro Center
654257,Microsoft Surface Go Signature Type Cover - Poppy Red - Micro Center
654258,Microsoft Surface Mobile Mouse - Ice Blue - Micro Center
654259,Microsoft Surface Mobile Mouse - Sandstone - Micro Center
654260,Microsoft Surface Bluetooth Keyboard - Light Gray - Micro Center
654261,Microsoft Surface Bluetooth Mouse - Light Gray - Micro Center
654262,Microsoft Surface Arc Bluetooth Mouse - Light Gray - Micro Center
654263,Apple iPhone 14 Silicone Case with MagSafe - Midnight - Micro Center
654264,Micro Center - Apple iPhone 14 Plus Silicone Case with MagSafe - Midnight MPT33ZM/A
654265,Apple iPhone 14 Pro Silicone Case with MagSafe - Midnight - Micro Center
654267,Apple iPhone 14 Clear Case with MagSafe - Micro Center
654268,Micro Center - Apple iPhone 14 Plus Clear Case with MagSafe MPU43ZM/A
654269,Apple iPhone 14 Pro Clear Case with MagSafe - Micro Center
654270,Apple iPhone 14 Pro Max Clear Case with MagSafe - Micro Center
654271,GoPro Enduro Rechargeable Battery - Micro Center
654272,Satechi 100W USB Type-C PD Compact GAN Charger - Micro Center
654274,Elgato Cold Shoe - Micro Center
654275,Elgato Wave Mic Arm - Premium Broadcasting Boom Arm - Black; Cable Management Channels; Desk Clamp - Micro Center
654276,"Elgato Wall Mount; Horizontal Articulated Arm with 1/4 Inch Thread; Easy Mounting and Adjusting of Lights, Cameras, and - Micro Center"
654277,Micro Center - Sentry Industries Pulse Stereo Earbuds - Black HM125
654278,Logitech Litra Beam Premium Streaming Key Light - Micro Center
654280,Hyper DUO PRO 7-in-2 USB-C Hub - Micro Center
654281,Canon Mount Adapter EF-EOS R - Micro Center
654282,Micro Center - LAX Gadgets Multi-Plug Surge Protector - White OUT3X3WH
654283,WD BLACK P40 Game Drive 500GB - Micro Center
654284,WD BLACK P40 Game Drive 1TB Solid State Drive - Micro Center
654285,WD BLACK P40 Game Drive 2TB Portable Solid State Drive - Micro Center
654286,"Elgato Solid Arm Holding Arm; Padded Clamp; Easy Mounting and Adjusting of Lights, Cameras, and Microphones - Micro Center"
654287,Elgato Flex Arm S - Micro Center
654288,Elgato Master Mount S - Micro Center
654289,Elgato Heavy Base - Micro Center
654290,Apple AirPods Pro (2nd Generation) True Wireless Bluetooth Earbuds w/ MagSafe (Lightning) - White - Micro Center
654292,"Wiley Build Your Own PC Do-It-Yourself For Dummies, 1st Edition - Micro Center"
654295,Matias Backlit Wireless Aluminum Keyboard - Silver - Micro Center
654296,Matias Backlit Wireless Aluminum Keyboard - Space Gray - Micro Center
654297,Matias Wired Aluminum Keyboard for Mac - Silver - Micro Center
654300,Travelocity 2.1 Amp Dual USB Type-A Car Charger (Assorted Colors) - Micro Center
654306,"Pearson/Macmillan Books Exam Ref AZ-900 Microsoft Azure Fundamentals, 2nd Edition - Micro Center"
654315,SparkFun Electronics OpenLog - Micro Center
654316,SparkFun Electronics CAN-BUS Shield - Micro Center
654318,MacAlly Full-Size USB Keyboard with 3 Button USB Optical Mouse Combo for Mac - Micro Center
654319,Lewis Associates of Ohio Snow Brush w/ Ice Scraper - Micro Center
654320,Sonos 10W USB Power Adapter (White) - Micro Center
654324,McGraw-Hill Java A Beginner's Guide - Ninth Edition (9th Edition) - Micro Center
654325,Vivitar 360 Remote Control Caddy - Micro Center
654327,Nero Nero Platinum Unlimited - Micro Center
654333,On-Stage Desktop Microphone Stand (Black) - Micro Center
654334,On-Stage Unbreakable Dynamic Rubber Microphone Clip - Micro Center
654335,On-Stage Microphone Shock Mount - Black - Micro Center
654336,"On-Stage 13"" Gooseneck - Black - Micro Center"
654337,On-Stage ASWS58B5 Windscreen for Handheld Microphones - Black (5-pack) - Micro Center
654338,Corel Roxio Easy CD & DVD Burning 2 - Micro Center
654342,Micro Center - Toysmith Monster School Bus 5020
654350,Toysmith Rescue Team Ems - Micro Center
654351,Toysmith Air Force One Plane - Micro Center
654352,MacAlly Ergonomic Keyboard with Palm Rest for Mac - Micro Center
654355,Inland USB-C 8-in-1 Multi Function Hub - Micro Center
654357,Logitech G Radius III Custom Shockmount - For Yeti and Yeti Pro USB Microphones - Micro Center
654358,Samson Microphone Pop Filter; Flexible Gooseneck mount; Dual layered nylon mesh screen - Micro Center
654359,Samson MD5 Desktop Microphone Stand - Micro Center
654366,Apple AirPods Pro Active Noise Cancellation True Wireless Bluetooth Earbuds - White; Built-in Microphone; Sweat and Water - Micro Center
654368,"Chargers, Rechargeable Batteries : Micro Center"
654369,Apple Magic Keyboard for 11-inch iPad Pro (3rd Generation) and iPad Air (4th Generation) - White - Micro Center
654374,Canon USB Cable - White - Micro Center
654378,Belkin Lightning Audio + Charge RockStar - White - Micro Center
654397,Micro Center - Inland 3 Outlet Wall Tap 540J Surge Protector with 2 USB 2pk - White S9P332NI30A01
654400,Apple 85W MagSafe Power Adapter Charger - Macbook Pro - Micro Center
654402,Digipower Replacement Battery for GoPro Hero 5 - Micro Center
654404,Belkin BOOST CHARGE Braided Lightning to USB-C Charge/ Sync Cable 6.6 ft. - White - Micro Center
654405,Apple AirTag Leather Loop - Saddle Brown - Micro Center
654408,Apple AirTag Leather Loop - White - Micro Center
654410,"Targus Safe Fit Universal 9-11"" 360° Rotating Tablet Case - Black - Micro Center"
654411,Tucano USA Case for Galaxy Tab A7 Lite 2021 - Black - Micro Center
654412,N260-224 Adhesive Picture Hangers 5 Pack - Micro Center
654413,N278-937 Insulated Staples #5 By 1/2 Inch Brown - Micro Center
654414,Lewis Associates of Ohio 9' x 12' Drop Cloth - Micro Center
654415,Spigen AirTag Case Rugged Armor 2 Pack - Black - Micro Center
654416,Seagate One Touch 1TB USB 3.2 Gen 2 Type-C External Portable SSD with Rescue Data Recovery Services - Black - Micro Center
654417,Seagate One Touch 1TB USB 3.2 Gen 2 Type-C External Portable SSD with Rescue Data Recovery Services - Silver - Micro Center
654418,SSD (Solid State Drives) : Micro Center
654419,Belkin Secure Holder with Key Ring for AirTag - Blue - Micro Center
654420,Belkin Secure Holder with Strap for AirTag - Blue - Micro Center
654421,Belkin Secure Holder with Strap for AirTag - Pink - Micro Center
654422,Belkin Secure Holder with Strap for AirTag - White - Micro Center
654423,V2501 Thumb Tacks 40 pack - Brass - Micro Center
654425,"Micro Center - ESET Endpoint Protection Advanced 5-10 Users, 1 Year EEPA-N1"
654427,"3 in 1 Magnetic Tip Micro USB, Type C, and Lightning Non MFI Universal Charging Cable w/ LED Light 6-ft - White - Micro Center"
654429,Adafruit Industries Slim Sticker-Type GSM/Cellular Quad-Band Antenna - Micro Center
654432,Energizer Flex Pod Wireless Camera Control - Micro Center
654433,Lume Cube Light-House and Diffuser Kit - Micro Center
654434,Duracell AA Alkaline Battery - 24 pack; Repackaged by Micro Center Not Affiliated with Duracell - Micro Center
654435,Duracell AA Alkaline Battery 12-Pack; Repackaged by Micro Center Not Affiliated with Duracell - Micro Center
654436,Duracell CopperTop AA Alkaline Battery - 4 pack; Repackaged by Micro Center Not Affiliated with Duracell - Micro Center
654437,Micro Center - Duracell AAA Alkaline Battery - 12 Pack OEMDCELLAAA12
654438,Duracell CopperTop AA Alkaline Battery - 20 pack; Repackaged by Micro Center Not Affiliated with Duracell - Micro Center
654439,Duracell CopperTop AAA Alkaline Battery - 20 Pack; Repackaged by Micro Center Not Affiliated with Duracell - Micro Center
654441,Visco Rocksmith 2014 Edition with Cable (PC / MAC) - Micro Center
654442,"WD Black 2TB D30 Game Drive SSD Portable External USB Solid State Drive; Compatible with PlayStation, Xbox, & PC, Up to - Micro Center"
654444,Anker PowerCore Select 10000 mAh Dual USB-A Portable Charger - Black - Micro Center
654448,Roku Express 4K logo - Micro Center
654452,RCA 5 Device Big Button Universal Remote Control With Streaming - Micro Center
654455,Kanex Dual 3.4A Smart IC USB Type-A Wall Charger - White - Micro Center
654458,"Anker PowerCore Select 20000, 20000mAh Power Bank with 2 USB-A Ports, PowerIQ 2.0 18W External Battery with MultiProtect and - Micro Center"
654460,"Anker 10,000mAh PowerCore III Wireless Power Bank Portable Charger with Qi-Certified 10W Wireless Charging and 18W USB-C - Micro Center"
654461,"Anker PowerWave II Sense Stand 15W Max Wireless Charger with Power Adapter, Qi-Certified 15W Max Fast Wireless Charging - Micro Center"
654464,Turtle Beach Recon 500 Wired Multiplatform Gaming Headset-Black - Micro Center
654474,"O'Reilly 21st Century C: C Tips from the New School, 2nd Edition - Micro Center"
654475,IOGear GUC3100 GigaLinq USB 3.0 to Gigabit Ethernet Adapter - Micro Center
654476,Targus Notebook Chill Mat with Dual Fans Dark Gray - Micro Center
654407,Personal Security Products : Micro Center
654494,Dot Line RPS Studio Desktop Studio in a Bag - Micro Center
654497,"Wiley Coding with JavaScript For Dummies, 1st Edition - Micro Center"
654505,"Micro Center - Inland USB wired optical mouse, 1000/1600/2000 DPI selectable, Three buttons, 1.5M cable, WIN7/8/10 and MAC OS - Red DS-2731 RED"
654516,Allsop Sub-Zero Laptop Platform + Fan - Micro Center
654518,Boards/Projects : Micro Center
654527,DUMMY SKU - Micro Center
654528,DUMMY SKU - Micro Center
654530,DUMMY SKU - Micro Center
654533,DUMMY SKU - Micro Center
654539,MacAlly Compact USB Wired Keyboard - White - Micro Center
654541,"McGraw-Hill Hacking Exposed Wireless: Wireless Security Secrets & Solutions, 3rd Edition - Micro Center"
654545,DUMMY SKU - Micro Center
654548,DUMMY SKU - Micro Center
654549,DUMMY SKU - Micro Center
654550,DUMMY SKU - Micro Center
654551,DUMMY SKU - Micro Center
654552,DUMMY SKU - Micro Center
654553,DUMMY SKU - Micro Center
654554,Micro Center - Tom Tom Pro 7250 Truck 1KT0.019.00
654565,DUMMY SKU - Micro Center
654567,Urban Armor Gear Scout Series Case for Samsung Galaxy A10 - Black - Micro Center
654569,EarthLCD MOTA Ultimate Pocket Tool - Micro Center
654570,"O'Reilly iOS 13 Programming Fundamentals with Swift: Swift, Xcode, and Cocoa Basics, 1st Edition - Micro Center"
654572,Raspberry Pi Build Your Own First-Person Shooter in Unity - Micro Center
654573,DUMMY SKU - Micro Center
654574,DUMMY SKU - Micro Center
654575,DUMMY SKU - Micro Center
654576,DUMMY SKU - Micro Center
654577,DUMMY SKU - Micro Center
654578,DUMMY SKU - Micro Center
654583,Stylus Publishing AutoCAD 2016: Beginning and Intermediate - Micro Center
654584,"Stylus Publishing Network Security and Cryptography, Illustrated Edition - Micro Center"
654587,"Astro Gaming A50 Wireless Headset and Base Station; Wireless Range up to 45 feet, Dolby Audio, 15+ hours of Battery Life, - Micro Center"
654588,"Adafruit Industries 0.56"" 4-Digit 7-Segment Display w/ FeatherWing - White - Micro Center"
654589,MacAlly 104 Key Full-Size USB Keyboard with Short-Cut Keys - Black - Micro Center
654593,LaCie LaCie Rugged SSD 1TB USB 3.1 (Gen 2 Type-C) External SSD w/ Encryption - Micro Center
654595,"Adafruit Industries 0.56"" 4-Digit 7-Segment FeatherWing Display - Blue - Micro Center"
654601,LAX Gadgets 6600mAh Dual USB Type-A 2x 2.1A @ 5 VDC Power Bank - Black - Micro Center
654604,MacAlly Wireless 3 Button Optical RF Mouse for Mac/PC - Micro Center
654605,"Norton Antivirus Plus - 1 Device - 1 Year Subscription; Antivirus, Password Manager, Smart Firewall, PC Cloud Backup - - Micro Center"
654608,"McGraw-Hill Python for Microcontrollers: Getting Started with MicroPython, 1st Edition - Micro Center"
654610,Elgato Key Light Air Professional LED Panel - Micro Center
654611,Shure SRH1440 Professional Open Back Wired Headphones - Black; Premium Padded Headband; Velour Ear Pad - Micro Center
654612,Incipio Technologies Single USB Type-A Car Charger w/ Quick Charge 2.0 - Black - Micro Center
654617,"pragmatic Introducing Python: Modern Computing in Simple Packages, 2nd Edition - Micro Center"
654618,Micro Center - Billboard True Wireless Earbuds - White BB1834
654619,Micro Center - Billboard Bluetooth Headphones - Black BB1827
654620,Billboard Bluetooth Water Resistant Speaker - Black - Micro Center
654621,Micro Center - Billboard True Wireless Earbuds - Black BB1845
654622,Mike Murach & Assoc. Murach's ASP.NET Core MVC - 1st Edition - Micro Center
654623,Micro Center - Toysmith Safety Target Dart Board 11287
654624,Toysmith Fire Engine - Micro Center
654626,FixMeStick Virus Removal - Micro Center
654627,Micro Center - Sentry Industries GX50 Gaming Headset HPX-GX50
654633,Micro Center - Travelocity 2.4 Amp and 1 Amp Dual Port USB Car Charger TVPD-PC2U
654641,"O'Reilly C# 9.0 in a Nutshell: The Definitive Reference, 1st Edition - Micro Center"
654642,"O'Reilly C# 9.0 Pocket Reference: Instant Help for C# 9.0 Programmers, 1st Edition - Micro Center"
654647,Dot Line Rear Cap for Nikon f/AI - Micro Center
654650,Dot Line Body Cap for Micro Four Thirds - Micro Center
654651,Savage 500 Watt LED Studio Light Kit with Remote - Micro Center
654652,Dot Line Rear Cap for Sony NEX - Micro Center
654653,Poker Club Premium Quality Playing Cards - Micro Center
654654,Apple AirPods Pro Active Noise Cancelling True Wireless Bluetooth Earbuds - White (Renewed) - Micro Center
654662,beyerdynamic DT 990 Pro Open Back Wired Headphones - Black; Replaceable Ear Pads; Padded and Adjustable Spring Steel Headband - Micro Center
654665,Micro Center - Adafruit Industries IS31FL3731 16x9 Charlieplexed PWM LED Matrix Driver 2946
654666,Savage 2-Pack of NP-F970 Lithium Ion Batteries w/ Charger - Micro Center
654667,"AVF FSL700LEB-A Floor Stand with Mount for TVs 32""- 55"" - Micro Center"
654669,Digipower 7-port Direct Connect USB-C Hub for USB-Type C Laptops - Micro Center
654670,"Dot Line Locking Accessory Shoe with 1/4"" - 20 Male Mount - Micro Center"
654671,"Apple 85W Magsafe 2 Power Adapter Charger - Macbook, Macbook Pro - Micro Center"
654672,Apple 45W Magsafe 2 Power Adapter Charger - Macbook Air - Micro Center
654676,Bower ENB-C6L Replacement Li-Ion Battery for Canon NB-6L - Micro Center
654679,Camera Batteries : Micro Center
654681,Savage Extending Drop-Stand - Micro Center
654682,Apple Magic Keyboard for iPad Pro 12.9-inch (5th generation) - Black - Micro Center
654683,Apple Smart Folio for iPad Pro 11-inch (3rd generation) - Black - Micro Center
654684,Apple Smart Folio for iPad Pro 11-inch (3rd generation) - White - Micro Center
654685,Apple Smart Folio for iPad Pro 12.9-inch (5th generation) - Deep Navy - Micro Center
654688,Apple Magic Keyboard for iPad Pro 12.9-inch (5th generation) - White - Micro Center
654690,Popular Card Games - Micro Center
654691,15 Minutes to Self Destruct - Micro Center
654692,Hack My Password - Micro Center
654693,Micro Center Mouse Mat - Micro Center
654695,"PGW C# Programming in easy steps, 2nd Edition - Micro Center"
654696,"PGW iPad for Seniors in easy steps, 10th Edition - Micro Center"
654700,Micro Center -  Foam Football G16982
654701,SanDisk 128GB iXpand 2-in-1 Lightning and USB Type-C Flash Drive Luxe - Gunmetal - Micro Center
654706,SSD (Solid State Drives) : Micro Center
654713,Samsung Galaxy Watch4 Classic 42mm Stainless Steel Bluetooth 5.0 Smartwatch - Mystic Black - Micro Center
654714,Samsung Galaxy Watch4 Classic 42mm Stainless Steel Bluetooth 5.0 Smartwatch - Mystic Silver - Micro Center
654716,Samsung Galaxy Watch4 44mm Aluminum Bluetooth 5.0 Smartwatch - Mystic Silver - Micro Center
654717,Samsung Galaxy Watch4 44mm Aluminum Bluetooth 5.0 Smartwatch - Mystic Green - Micro Center
654719,Samsung Galaxy Watch4 40mm Aluminum Bluetooth 5.0 Smartwatch - Mystic Pink Gold - Micro Center
654727,Samsung Smart Keyboard Trio 500 - Black - Micro Center
654729,Logitech K380 Multi-Device Bluetooth Keyboard for MAC - Rose - Micro Center
654730,Audio-Technica ATH-M50XBT2 Wireless Bluetooth Headphones - Black - Micro Center
654731,Apple Magic Trackpad 2021 - Micro Center
654732,Audiovox Electronics RJ-11 Male to RJ-11 Male Phone Line Cord 7ft. - Ivory - Micro Center
654735,"Micro Center - WD 4TB G-DRIVE ArmorATD Rugged, Durable Portable External HDD, Up to 140MBs, USB 3.2 (Gen 1 USB-C) SDPH81G-004T-GB"
654736,"Micro Center - SanDisk 5TB G-DRIVE ArmorATD Rugged, Durable Portable External HDD, Up to 140MBs, USB 3.2 (Gen 1 USB-C) SDPH81G-005T-GB"
654738,"WD 2TB G-DRIVE PRO SSD Ultra-Rugged Portable External NVMe SSD, Up to 2800MBs, Thunderbolt 3 40Gbps - Micro Center"
654739,WD 1TB Sandisk Professional G-DRIVE ArmorLock Encrypted NVMe SSD High Grade Security Performance External Storage - Micro Center
654740,Micro Center -  Christmas Wrap 85 SQ FT 30085N
654743,Apple 32GB 4K Apple TV - Micro Center
654749,Micro Center - Zeiss Clean Screen Combo Kit 740.000.00113
654750,Seagate Game Drive for Xbox 2TB External Hard Drive Portable HDD - USB 3.2 Gen 1 (STKX2000400); Black with built-in green - Micro Center
654751,Seagate Game Drive for Xbox 4TB External Hard Drive Portable HDD - USB 3.2 Gen 1 (STKX4000402); Black with built-in green - Micro Center
654752,Wiley Advanced Penetration Testing: Hacking the World's Most Secure Networks - Micro Center
654766,"SanDisk SanDisk Professional 4TB G-DRIVE PRO Desktop Drive, Ultrastar Enterprise-Class 7200RPM Desktop Drive - Space Grey - Micro Center"
654767,"WD Professional G-RAID 2 8TB Enterprise-Class 2-Bay Desktop Drive, 7200RPM Ultrastar Drive Inside, Thunderbolt 3, USB-C, - Micro Center"
654768,"WD Professional G-RAID 2 12TB Enterprise-Class 2-Bay Desktop Drive, 7200RPM Ultrastar Drive Inside, Thunderbolt 3, USB-C, - Micro Center"
654770,"Micro Center - WD 2TB G-DRIVE ArmorATD Rugged, Durable Portable External HDD, Up to 140MBs, USB 3.2 (Gen 1 USB-C) SDPH81G-002T-GB"
654773,"O'Reilly Programming Rust: Fast, Safe Systems Development - Micro Center"
654775,DUMMY SKU - Micro Center
654776,DUMMY SKU - Micro Center
654777,DUMMY SKU - Micro Center
654778,DUMMY SKU - Micro Center
654779,DUMMY SKU - Micro Center
654780,DUMMY SKU - Micro Center
654781,DUMMY SKU - Micro Center
654782,DUMMY SKU - Micro Center
654783,DUMMY SKU - Micro Center
654784,DUMMY SKU - Micro Center
654785,DUMMY SKU - Micro Center
654786,DUMMY SKU - Micro Center
654787,DUMMY SKU - Micro Center
654788,Titan Tools 4-in-1 Precision Screwdriver - Micro Center
654789,Mackie CR StealthBar Bluetooth Computer Speaker Soundbar - Black - Micro Center
654793,Inland AN-1003 Indoor Paper Thin Digital TV Antenna - Micro Center
654794,Wiley Teach Yourself Visually Excel 2013 - Micro Center
654798,Cygnett USB-A to Lightning Cable - 6ft - Micro Center
654806,Dot Line 58mm Rubber Lens Hood - Micro Center
654810,Camera Accessories : Micro Center
654813,Dot Line 52mm Snap Cap with Leash - Micro Center
654814,Dot Line 55mm Snap Cap w/Leash - Micro Center
654816,Dot Line 52mm Digital Hood/Zoom - Micro Center
654817,Dot Line Digital Camera Cleaning Kit - Micro Center
654822,"Wiley JavaScript and JQuery: Interactive Front-End Web Development, 1st Edition - Micro Center"
654824,Adafruit Industries Bluefruit LE Sniffer Bluetooth Low Energy BLE 4.0 - nRF51822 - Micro Center
654827,"Savage 36"" x 48"" White Black Gold Translucent Silver 5 in 1 Reflector - Micro Center"
654830,IOGear USB-C to 4 Port USB-A Hub with Power Delivery Pass-Thru - Micro Center
654831,Adafruit Industries NeoPixel Ring - 24 x 5050 RGB LED with Integrated Drivers - Micro Center
654835,Dot Line Digital Camera Strap - Micro Center
654841,Dot Line Infrared Remote Control for Canon DSLR Cameras - Micro Center
654846,Bower ENB-CE8 Replacement Li-Ion Battery for Canon LP-E8 - Micro Center
654847,Schmartboard Inc. RS-232 Module populated with Analog Devices ADM202E Chipset - Micro Center
654848,Smith-Victor OctaBella 1500 Watt 3 Light LED Softbox Kit w/ Boom Arm - Micro Center
654850,Energizer Max AA Alkaline Battery - 20 Pack - Micro Center
654851,Energizer Max AAA Alkaline Battery - 12 Pack - Micro Center
654852,Energizer Max C Alkaline Battery - 4 pack - Micro Center
654853,Energizer Max D Alkaline Battery - 4 pack - Micro Center
654854,Energizer Max 9V Alkaline Battery - 4 Pack - Micro Center
654855,Energizer Max AAA Alkaline Battery - 4 Pack - Micro Center
654856,Energizer Max AA Alkaline Battery - 4 pack - Micro Center
654858,Urban Armor Gear Metropolis Case for Microsoft Surface Pro (2017) & Surface Pro 4 - Micro Center
654860,Adafruit Industries NeoPixel Stick RGBW LEDs - Cool White - Micro Center
654861,Satechi Type-C Aluminum USB 3.0 Hub & Card Reader - Micro Center
654863,Satechi Aluminum Type-C Clamp Hub Pro - Space Gray - Micro Center
654867,Adafruit Industries NeoPixel 8 x 5050 RGBW LEDs Stick - Natural White - Micro Center
654868,Adafruit Industries Ethernet FeatherWing - Micro Center
654869,Adafruit Industries NeoPixel 16 x 5050 RGBW LEDs Ring - Natural White - Micro Center
654875,Adafruit Industries Mini Skinny NeoPixel Digital RGB LED Strip - 144 LED/m - 1m BLACK - Micro Center
654879,Power Inverters : Micro Center
654880,Xtreme Mac USB Type-C Multi Connection Mouse - Black - Micro Center
654881,Micro Center - LAX Gadgets 3-USB Port Car Charger 4.8A for Smartphones - White LAX3PORTCAR-WHT
654882,Micro Center - LAX Gadgets 3-USB Port Car Charger 4.8A for Smartphones - Black LAX3PORTCAR-BLK
654883,Micro Center - LAX Gadgets USB Type-A USB Type-C 20W Wall Charger USBPD20W-BLK
654884,Micro Center - LAX Gadgets USB Type-A USB Type-C 20W Wall Charger - White USBPD20W-WHT
654885,Micro Center - LAX Gadgets 2 Port USB Type-A Wall Charger - White LAX2PORTWALL-WH
654886,Micro Center - LAX Gadgets 2 Port USB Type-A Wall Charger - Black LAX2PORTWALL-BL
654887,Arduino MKR SD Proto Shield - Micro Center
654888,EZQuest Inc. USB-C Card Reader - Micro Center
654889,Adafruit Industries RFM69HCW 900MHz Radio FeatherWing - Micro Center
654892,Books : Micro Center
654903,"PGW Web Design in easy steps, 6th Edition - Micro Center"
654909,"AVF Stand for TVs up to 55"" - Micro Center"
654912,Micro Center - PGW MacBook in Easy Steps: Covers OS X Yosemite 9781840786040
654916,PGW Coding for Beginners in easy steps: Basic Programming for All Ages - Micro Center
654921,PGW Get Going with Windows 10 in Easy Steps - Micro Center
654923,Nanlite T8-7X RGBWW LED Pixel Tube - Micro Center
654924,Nanlite PavoTube II RGBWW LED Tube - Micro Center
654925,sE Electronics Dynamite Active In-line Mic Preamp; Selectable Gain; Impedance - Micro Center
654926,Wireless Power Bank - Micro Center
654928,Adafruit Industries Bluefruit LE SPI Friend - Micro Center
654929,Satechi Aluminum Type-C Multimedia Adapter - Micro Center
654940,"Micro Center - Shaxon 2-Pack Microfiber Wipe, 12"" x 12"" SHX-MFW2-121B"
654945,Bower Replacement LP-E17 Battery and Charger Kit for Canon Eos T6i T6s and T7i Cameras - Micro Center
654947,Energizer Max AAA Battery - 20 Pack - Micro Center
654948,Tough Tested Large Mobile Phone Case - Black - Micro Center
654956,SSD (Solid State Drives) : Micro Center
654957,External : Micro Center
654958,Adafruit Industries 15x7 CharliePlex LED Matrix Display FeatherWing - Red - Micro Center
654963,Adafruit Industries 15x7 CharliePlex LED Matrix Display FeatherWing - Green - Micro Center
654965,"Micro Center - Adafruit Industries 0.8"" 8x16 LED Matrix FeatherWing Display - Red 3152"
654974,Cellulose Sponge - Micro Center
654975,Lewis Associates of Ohio Cellulose Sponge 4 Pack - Micro Center
654980,Apple Smart Keyboard for iPad (7th generation) and iPad Air (3rd generation) - Micro Center
654985,"Apple Smart Keyboard Folio for 11"" iPad Pro (2nd Generation) - Micro Center"
654987,"Sharpie Ink Indicator Stick Highlighters, Chisel Tip, Assorted Fluorescent, 5 Count - Micro Center"
654995,Mike Murach & Assoc. Murach's SQL Server 2019 for Developers - Micro Center
654998,"Stylus Publishing Artificial Intelligence, Machine Learning, and Deep Learning - Micro Center"
655000,"Micro Center - Wiley Chromebook For Dummies, 2nd Edition 9781119651710"
655002,Mike Murach & Assoc. Murach's SQL Server 2016 for Developers - Micro Center
655003,One For All 16424 Suburbs Line Pro Amplified HDTV Indoor Antenna - Micro Center
655004,One For All 17411 Rural Line Pro Attic/ Outdoor HDTV Antenna - Micro Center
655007,URC7935 Streaming Remote - Micro Center
655008,One For All 14503 Indoor HDTV Antenna - Micro Center
655009,Microsoft Surface Go Signature Type Cover - Black Refresh - Micro Center
655010,Inland TV Set-top Shelf - Micro Center
655014,Inland KS0411 Can-Bus Shield - Micro Center
655017,Samsung T7 Portable SSD 500GB USB 3.2 Gen 2 External Solid State Drive Up to 1050MB/s Read Speed - Gray (MU-PC500T/AM) - Micro Center
655024,Micro Center - Inland USB 3.1 (Gen 1 Type-C) Aluminium Hub with Power Delivery (1-Port USB Type-A + 2-Port HDMI + 1-Port VGA) Y-9116
655025,Matias Programmable Ergo Pro Keyboard for Mac - Micro Center
655029,Razer Kaira X Wired Headset for PlayStation 5 - Micro Center
655034,AVF TV Stand for TVs up to 55 inch. Walnut and Black Glass - Micro Center
655035,MXL BCD-Stand Desk Mount Microphone Stand - Micro Center
655039,Audio-Technica ATH-M20X Professional Monitor Wired Headphones - Black - Micro Center
655040,Power A LS10X Wired Gaming Headset for Xbox Series X|S - Pulse Red - Micro Center
655041,sE Electronics DM1-MIC-PRE Dynamite Active In-Line Preamp - Micro Center
655042,FitBit Sense Smartwatch - Sage/ Silver Stainless Steel - Micro Center
655052,Micro Center - Microsoft Signature Type Cover for Surface Pro - Coral Blue FSY-00021
655053,Micro Center - Microsoft Signature Type Cover for Surface Pro - Platinum FSY-00001
655055,Samsung 15W Fast Charging Wall Charger with Detachable USB Type-C Cable - Micro Center
655056,iPhone Cases : Micro Center
655058,Apple Smart Folio for iPad mini (6th generation) - White - Micro Center
655059,SanDisk 1TB Portable SSD USB 3.2 Gen 2 USB-C Solid State Drive - Micro Center
655061,Micro Center - DJI OSMO Mobile 5 - Athens Gray CP.OS.00000167.
655066,"Targus Notebook Chill Mat with Dual Fans / Integrated USB Fits LCD Screens up to 17"" Black - Micro Center"
655072,Microsoft Surface Pro Keyboard with Fingerprint Reader - Black - Micro Center
655073,Laptop Cases : Micro Center
655074,"Microsoft Plasma Series for Microsoft Surface Laptop 3 and 4 13.5"" Case - Micro Center"
655078,Microphones And Accessories : Micro Center
655080,Micro Center - Dell Universal Dock D6000 D6000
655081,Apple AirPods Pro Active Noise Cancelling True Wireless Bluetooth Earbuds - White (Renewed) - Micro Center
655082,Dot Line Pocket Size Gray/Black/White Color Balance Cards w/Lanyard - Micro Center
655086,Microsoft Surface Pro Keyboard - Platinum - Micro Center
655087,Microsoft Surface Pro Keyboard  - Poppy Red - Micro Center
655088,Adafruit Industries NeoPixel Ring - 24 x 5050 RGB LED - Micro Center
655097,Micro Center - Titan Tools Snap Ring Carabiner Set - 12 Pack 32039
655099,Digipower re-fuel Digial SLR Travel Charger for Canon - Micro Center
655102,sE Electronics Reflection Filter PRO Portable Acoustic Treatment Filter - Black - Micro Center
655103,"FixMeStick Virus Removal Tool - 5 Devices, 2 Years - Micro Center"
655109,Adafruit Industries NeoPixel Ring - 12 x WS2812 5050 RGB LED with Integrated Drivers - Micro Center
655121,Mophie Charge Stream Plus - Micro Center
655127,Micro Center - Microsoft Surface Go Signature Type Cover - Burgundy (Demo) KCU-00001
655129,Micro Center - Microsoft Surface Mobile Mouse - Burgundy KH3-00011
655131,EZQuest Inc. USB-C 3-in-One Multimedia Charging Adapter with 100W Power Pass-through - Micro Center
655132,MacAlly Ultra Slim Mac USB Keyboard - Silver - Micro Center
655140,Roku Streaming Stick Plus - Refurbished - Micro Center
655143,Texas Instruments BAII PLUS Business Calculator - Micro Center
655147,Accessory Power ENHANCE Gaming Laptop Cooling Pad Stand with LED Cooler Fans - Red - Micro Center
655148,"AVF WFSL500-A TV Cart for 32"" - 60"" Screens - Black - Micro Center"
655149,AVF FS1300VARWB-A TV Stand for TVs up to 65 inch. - Micro Center
655150,Canon Lithium-Ion Battery Pack NB-13L - Micro Center
655151,"O'Reilly Learning Kali Linux: Security Testing, Penetration Testing, and Ethical Hacking, 1st Edition - Micro Center"
655152,Inland Car/Wall Lightning Cable Charging Kit - White - Micro Center
655153,"Samsung Level U Wireless In-Ear Headphones; Up to 10 Hour Battery Life, Inline Controls, Passive Noise Cancellation, - Micro Center"
655165,Gator Frameworks Adjustable Angled Mini Boom Arm with Interlocking Design - Micro Center
655166,"Gator Frameworks 38.5"" Broadcast Arm Microphone; Podcasts and Streaming - Micro Center"
655167,Gator Frameworks Compact Base Bass Drum and Amp Mic Stand - Micro Center
655168,Joby Beamo LED Light - Micro Center
655171,LG UBK80 4K Ultra HD Blu-ray Player - Micro Center
655176,"Manning Publications Learn Linux in a Month of Lunches, 1st Edition - Micro Center"
655178,Logitech MX Keys for Mac Wireless Keyboard - Micro Center
655183,IK Multimedia iKlip 3 - Micro Center
655185,Micro Center - Sentry Industries Bluetooth Stereo Ear Buds w/ Microphone BT-250
655186,Sentry Industries Bluetooth Stereo Deluxe Headphones - Micro Center
655187,Elmer's Glue Pens - 3 PK - Micro Center
655190,Micro Center - Duracell CopperTop AAA Batteries 4-Pack D23 04061
655191,Micro Center - Duracell CopperTop AAA Alkaline Battery - 24 pack D23 00232
655192,Micro Center - Duracell CopperTop AA Alkaline Battery - 8 pack D23 03761
655193,Micro Center - Duracell CopperTop D Alkaline Battery - 4 pack D23 03361
655194,Micro Center - Duracell CopperTop 9V Alkaline Battery - 2 pack D23 03961
655196,Tablet Accessories : Micro Center
655199,Micro Center - Tucano USA Folio Case for Samsung Galaxy TAB S6 Lite - Black TAB-GSS6L-BK
655205,"O'Reilly Learning SQL: Generate, Manipulate, and Retrieve Data, 3rd Edition - Micro Center"
655208,Twist-n-Pull Mailing Tube - Micro Center
655209,Books : Micro Center
655210,Azio KB540 Antimicrobial Wired Keyboard Mac - Black - Micro Center
655219,PaperMate Ballpoint Pen - 10pk Black - Micro Center
655222,"PGW Windows 10 for Seniors in easy steps, 3rd Edition - Micro Center"
655223,Apple Power Adapter Extension Cable - Micro Center
655224,Apple 96W USB-C Power Adapter - Micro Center
655225,Micro Center - Toysmith Quick Cube 3x3 3901QC
655226,Dot Line 4' x 7' Reflector CK Blue/Green - Micro Center
655227,Wired And Wireless Keyboards : Micro Center
655228,"Inland Studio TV Floor Stand for TV's up to 49"" - 70"" - Micro Center"
655229,"Micro Center - ESET NOD32 Antivirus 2017 - 1 Device, 1 Year (PC) OEM EAVH-N111QSL17"
655242,"Elgato Multi Purpose Mount - Steel Tubing and Joints; Interchangeable Bases and Mounts; Works With Light, Cameras, Phones, - Micro Center"
655243,Adafruit Industries LoRa Radio FeatherWing - RFM95W 900 MHz - Micro Center
655245,Apple AirPods Pro Active Noise Cancelling True Wireless Bluetooth Earbuds with MagSafe - White (1st Generation) - Micro Center
655246,Apple AirPods 3rd Generation True Wireless Bluetooth Earbuds - White - Micro Center
655247,Apple HomePod mini - Orange - Micro Center
655248,Apple 140W USB-C Power Adapter - Micro Center
655252,Sony NP-BX1 Lithium Ion Battery - Micro Center
655253,Logitech MX Anywhere 3 for Mac Compact Performance Mouse (Pale Grey) - Micro Center
655254,Logitech Pebble i345 Wireless Mouse for iPad - White - Micro Center
655255,Logitech Pebble i345 Wireless Mouse for iPad - Gray - Micro Center
655256,Logitech MX Keys Mini Wireless Keyboard - Micro Center
655257,CAD Audio PM4200 Broadcast/Podcast Extra-Long Boom Arm Mic Stand - Micro Center
655260,Galaxy Audio JIB/C XLR 2 to 1 Combiner - Micro Center
655261,Galaxy Audio JIB/R RCA 2 to 1 Combiner - Micro Center
655262,Galaxy Audio JIB/S 1/4 in. Splitter - Micro Center
655263,Galaxy Audio JIB/Y XLR Splitter - Micro Center
655264,Samsung 2 A @ 5 VDC USB-A Adaptive Fast Charging Wall Charger - Black - Micro Center
655265,Logitech Mevo Digital Camcorder (3-Pack) - Micro Center
655269,Micro Center -  Precision Screwdriver 33P SJ-30PK
655270,Mike Murach & Assoc. **MURACH HTML AND CSS 5E - Micro Center
655273,Cirago Mini DisplayPort to HDMI 4K Adapter - Micro Center
655279,Tablet Accessories : Micro Center
655282,Micro Center - Mophie Juice pack connect 401006588
655287,Mophie Powerstation Plus XL - Micro Center
655292,"O'Reilly SQL Pocket Guide: A Guide to SQL Usage, 4th Edition - Micro Center"
655295,"Mike Murach & Assoc. Murach's Java Programming, 6th Edition - Micro Center"
655296,"Tucano USA Melange Second Skin sleeve 13/ 14"" Notebooks - Black - Micro Center"
655297,"Tucano USA Melange Second Skin sleeve for notebook 15.6"" - Black - Micro Center"
655304,Griffin DUAL USB Type-A Car Charger - Black - Micro Center
655305,Mac Cables And Adapters : Micro Center
655306,Emerge USB 2.0 (Type-A) Male to USB 2.0 (Type-A) Female/ USB 2.0 (Type-B) Male/ USB Mini-B 5 pin Male/  Micro-USB (Type-B) - Micro Center
655308,Matias Mini Tactile Pro Keyboard for Mac - Micro Center
655314,Cloudz Lumbar Support Pillow - Assorted Colors - Micro Center
655322,GoPro Smart Remote - Micro Center
655326,Audiovox Electronics Multi-Directional Flat Indoor Digital Antenna - Micro Center
655330,THK Photo Products Hoya Alpha 72mm UV Filter - Micro Center
655334,Sentry Industries Bluetooth Lowrider On-the-Neck Headphones - Black - Micro Center
655337,"PGW PHP & MySQL in easy steps: Covers MySQL 8.0, 2nd Edition - Micro Center"
655339,"Graphics, Imaging, Publishing : Micro Center"
655341,PGW Bash in easy steps - Micro Center
655343,PGW Excel 2019 in Easy Steps - Micro Center
655344,Canon LP-E10 Battery Pack - Micro Center
655345,Satechi TYPE-C Slim Multimedia Hub V2 - Silver - Micro Center
655346,EZQuest Inc. USB-C 8 Port Multimedia Hub - Micro Center
655347,MacAlly 22 Key Bluetooth Numeric Keypad for Mac - Micro Center
655348,Satechi Aluminum Wired Keyboard for Mac - Space Gray - Micro Center
655350,Satechi Bluetooth Wireless Keyboard for Mac - Silver - Micro Center
655351,Satechi Bluetooth Wireless Keyboard for Mac - Space Gray - Micro Center
655353,Logitech Keys to Go Keyboard for iPad - Micro Center
655358,Adafruit Industries NeoPixel Ring - 16 x 5050 RGB LED with Integrated Drivers - Micro Center
655361,Adafruit Industries MiFare Classic 13.56 MHz RFID/NFC 1kb Bracelet - Micro Center
655365,Micro Center - Adafruit Industries Flora Wearable Bluefruit LE Module 2487
655375,"O'Reilly Ruby Pocket Reference: Instant Help for Ruby Programmers, 2nd Edition - Micro Center"
655378,Matias Wired Aluminum Tenkeyless Keyboard for Mac - Space Gray - Micro Center
655383,Uncaged Ergonomics CD4 Ergonomic Laptop Stand and Standing Desk - Micro Center
655388,Belkin BOOST CHARGE Lightning to USB-A Charge/ Sync Cable 3.3 ft. 2 Pack - Black - Micro Center
655395,Elmer's E650A Stix-All Cement - Micro Center
655402,Mackie MP-220 Dual Dynamic Driver Professional Wired In-Ear Monitors - Black - Micro Center
655403,Mackie MC-350 Closed-Back Wired Headphones - Black; Comfortable Real Leather Headband; Built-in Microphone - Micro Center
655405,"Wiley Linux Bible, 10th Edition - Micro Center"
655407,Savage RGB Portrait Kit - Micro Center
655408,"Mike Murach & Assoc. Murach's JavaScript and jQuery, 4th Edition - Micro Center"
655409,Cirago USB 3.0 to Gigabit Ethernet Adapter with 3 Port USB 3.0 Hub - Micro Center
655410,Crucial 64GB DDR4-2666 (PC4-21300) CL19 SODIMM Memory for Mac (Two 32GB Memory Modules) - CT2K32G4S266M - Micro Center
655414,"Wiley Excel 2016 All-in-One For Dummies, 1st Edition - Micro Center"
655415,"Wiley Excel 2016 Bible, 1st Edition - Micro Center"
655416,"Turtle Beach Stealth 600 Gen 2 Wireless Gaming Headset w/ Flip-to-Mute Mic; Breathable Ear Cushions, For PS5 and PS4 - Black - Micro Center"
655418,"Turtle Beach Stealth 700 Gen 2 Premium Wireless Gaming Headset; Cooling Gel-Infused Memory Foam Ear Cushions, Flip-to-Mute - Micro Center"
655422,Winning Moves Games Rubik's Cube 2x2 - Micro Center
655425,"Mike Murach & Assoc. Murach's Visual Basic 2015, 6th Edition - Micro Center"
655434,WD 1TB My Passport SSD Portable USB 3.2 Gen 2 Type C External Solid State Drive - Micro Center
655436,"Micro Center - Pearson/Macmillan Books Out of Order: Storytelling Techniques for Video and Cinema Editors, 1st Edition 9780321951601"
655437,"Micro Center - Pearson/Macmillan Books The Art of the Documentary: Fifteen Conversations with Leading Directors, Cinematographers, Editors, and Producers, 2nd Edition 9780321981929"
655438,"Micro Center - Pearson/Macmillan Books Developing Quality Technical Information: A Handbook for Writers and Editors, 3rd Edition 9780133118971"
655443,SanDisk Extreme Portable 1TB SSD USB 3.2 Gen 2 Type C External Solid State Drive - Micro Center
655444,Micro Center - Grip Microfiber Screen Cloth 54772
655446,Logitech K380 Multi-Device Bluetooth Keyboard for MAC - Off-White - Micro Center
655448,WD My Passport 2TB SSD USB 3.2 Gen 2 Type C External Solid State Drive - Micro Center
655449,Headstrom Foam Football - Micro Center
655451,Micro Center - LAX Gadgets Lightning Male to USB 2.0 (Type-A) Male Apple MFi Certified Charge/ Sync Cable 10 ft. - Silver LX-10SL
655452,"Micro Center - WD Black 2TB D50 Game Dock NVMe SSD, RGB with Thunderbolt 3 Connectivity, Up to 3,000 MB/s - WDBA3U0020BBK-NESN WDBA3U0020BBK-N"
655453,"Micro Center - WD Black 1TB D50 Game Dock NVMe SSD, RGB with Thunderbolt 3 Connectivity, Up to 3,000 MB/s - WDBA3U0010BBK-NESN WDBA3U0010BBK-N"
655455,Emtec International X200 512GB SSD 3D NAND USB 3.1 External Solid State Drive - Micro Center
655456,Emtec International X200 1TB SSD 3D NAND USB 3.1 Gen 1 External Solid State Drive - Micro Center
655458,FitBit Sense Smartwatch - Carbon/ Graphite Stainless Steel - Micro Center
655462,"LucidSound LS10P Wired Gaming Headset; Memory Foam Ear Pads, Dual Microphone Systems, Removable Boom Mic - Black - Micro Center"
655463,"LucidSound LS50X Wireless Gaming Headset; Gel-cooled Memory Foam, Flexible Boom Mic - Black - Micro Center"
655464,"LucidSound LS10X Wired Gaming Headset; Dual Microphones, Removable Boom Mic, Sonic Surround Sound, For Xbox - Black - Micro Center"
655466,Belkin Ethernet + Power Adapter with Lightning connector - Micro Center
655470,Micro Center - LAX Gadgets Lightning Male to USB 2.0 (Type-A) Male Apple MFi Certified Charge/ Sync Cable 4 ft. - Black LX-4BK
655471,Micro Center - LAX Gadgets Lightning Male to USB 2.0 (Type-A) Male Apple MFi Certified Charge/ Sync Cable 4 ft. - Silver LX-4SL
655472,Micro Center - LAX Gadgets Lightning Male to USB 2.0 (Type-A) Male Apple MFi Certified Charge/ Sync Cable 4 ft. - Navy LXS-4NV
655483,"Sybex CCNA Routing and Switching Complete Study Guide: Exam 100-105, Exam 200-105, Exam 200-125, 2nd Edition - Micro Center"
655485,Gator Frameworks Universal Studio Shockmount For Mics 42-48Mm In Diameter - Micro Center
655488,"LucidSound LS25 Esports and PC Gaming Headset w/ Memory Foam Ear Pads; Unidirectional Boom Mic, Dual Microphone System - - Micro Center"
655493,Gator Frameworks Desktop Studio Monitor Stands - Adjustable Height - Micro Center
655494,Gator Frameworks Frameworks Clamp-On Studio Monitor Stands - Adjustable Height - Micro Center
655495,Cloudz Reusable Cotton Face Masks - USA Flag - Micro Center
655496,Cloudz Reusable Cotton Face Masks - Black 3 Pack - Micro Center
655497,Cloudz Reusable Cotton Face Masks - Black - Micro Center
655500,ION Audio Premier LP Wireless Bluetooth Turntable w/ Built-In Soundbar - Micro Center
655501,Audio-Technica LP60XBT-BK Fully Automatic Belt-Driven Bluetooth Turntable - Black - Micro Center
655504,Satechi Slim Type-C Multi-Port Adapter - Micro Center
655507,Micro Center - Belkin BV106000-04 630 Joules 6-Outlet Surge Protector w/ 4 ft. Cord - White BV106000-04
655509,Uncaged Ergonomics WorkEZ Professional Ergonomic Stand - Micro Center
655510,Lewis Associates of Ohio Wish Hand Sanitizer 3.38oz - Micro Center
655511,Micro Center -  Christmas Wrap 30 sq ft 300309
655512,"Corsair HS75 XB Wireless Gaming Headset; Immersive Dolby Atmos, On-Ear Game and Chat Mix Control, Up to 30 feet Wireless - Micro Center"
655514,Micro Center - DGL Group 3A Dual USB Car Charger VAU-CAR2-ASST
655515,Micro Center - DGL Group Lightning 3 ft cable VAU-8P-ASST
655517,QVS Mini-DisplayPort Male to HDMI Female Digital Video Adapter - Micro Center
655518,QVS Mini DisplayPort Male to VGA Female Digital Video Adapter - Micro Center
655519,Belkin 3.5mm Male to 2x 3.5mm Female Audio Adapter Splitter Cable 6 in. - White - Micro Center
655520,Audio-Technica ATH-M30x Wired Professional Monitor Headphones - Black - Micro Center
655521,Audio-Technica ATH-M40x Wired Professional Monitor Headphones - Black - Micro Center
655522,Crucial X6 500GB Portable SSD USB 3.2 Gen 2 USB-C External Solid State Drive - CT500X6SSD9 - Micro Center
655523,Crucial X6 2TB Portable SSD USB 3.2 Gen 2 USB-C External Solid State Drive - CT2000X6SSD9 - Micro Center
655524,Elgato Key Light - Micro Center
655529,j5create USB-C Dual HDMI Mini Dock - Micro Center
655535,Micro Center - DJI RSC 2 Gimbal Stabilizer Pro Combo CP.RN.00000124.
655536,Wearable Technology : Micro Center
655538,Cirago HDMI to VGA Adapter with Audio 10 in. - Black - Micro Center
655539,EZQuest Inc. USB-C Dual HDMI Multimedia 5 Ports Hub Adapter with Power Delivery; Dual HDMI 4K; 100 Watts USB Type-C Power - Micro Center
655541,Crucial X6 4TB Portable SSD USB 3.2 USB-C External Solid State Drive - CT4000X6SSD9 - Micro Center
655542,Turtle Beach Recon 200 Gen 2 Powered Gaming Headset - Black - Micro Center
655543,Turtle Beach Recon 200 Gen 2 Powered Multiplatform Gaming Headset - White - Micro Center
655547,Dot Line Pro Color Clapboard - Micro Center
655548,Inland 11-1 USB Type-C Laptop Docking Station; Triple Display; 1GB Ethernet; 100W Power Delivery - Micro Center
655552,Astro Gaming A10 Gen 2 Headset Xbox and PC - Black - Micro Center
655557,"McGraw-Hill CompTIA Security+ Certification Practice Exams, Third Edition (Exam SY0-501) - Micro Center"
655559,Astro Gaming A10 Gen 2 Headset Playstation and PC - White - Micro Center
655560,Astro Gaming A10 Gen 2 Headset Playstation and PC - Black - Micro Center
655561,Astro Gaming A10 Gen 2 Headset Xbox and PC - White - Micro Center
655564,Garmin DriveSmart 66 - Micro Center
655565,Duracell CopperTop AA Alkaline Battery - 4 pack - Micro Center
655566,Duracell CopperTop AAA Alkaline Battery - 4 pack - Micro Center
655567,Micro Center - Duracell CopperTop Alkaline D Battery - 2pk 279668
655568,Micro Center - Duracell CopperTop Alkaline C Battery - 2 pack 280331
655569,Duracell CopperTop Alkaline 9V Battery - 2 pack - Micro Center
655571,Inland Innergie 45W USB Type-C and Type-A PD 3.0 Fast Charger Wall Adapter - Micro Center
655572,"Inland Innergie C6 60W GaN Technology PD 3.0 USB Type C Power Adapter; Compatible with iPhone 13, iPhone 12, iPad Pro, - Micro Center"
655575,Apple AirPods Max Active Noise Cancelling Wireless Bluetooth Headphones - Sky Blue (Renewed) - Micro Center
655576,Apple AirPods Max Active Noise Cancelling Bluetooth Wireless Headphones - Silver (Renewed) - Micro Center
655579,Micro Center - Inland USB A to Lightning Cable - Gray (3 Foot) C01022-00176
655582,"Mike Murach & Assoc. Murach's C++ Programming, 2nd Edition - Micro Center"
655583,Digipower Re-fuel EN-EL15 Rechargeable Lithium-Ion Battery - Micro Center
655584,Micro Center - Inland Lightning Male to USB 2.0 (Type-A) x 3 Pack C01022-00178
655585,Apple AirPods Max Active Noise Cancelling Wireless Bluetooth Headphones - Green (Renewed) - Micro Center
655587,Samsung HW-Q59CT 5.1ch Soundbar w/ Dolby Digital 5.1 / DTS Virtual:X (Refurbished) - Micro Center
655588,Apple Thunderbolt 4 Pro-Cable (3m) - Micro Center
655589,Just Hook It Up RJ-11 Male to RJ-11 Male Modular Telephone Line Cable 7 ft. - White - Micro Center
655591,Energizer ENB-NEL14 Li-Ion Rechargeable Replacement Camera Battery for Nikon EN-EL14 - Micro Center
655595,MacAlly Full Size Keyboard and Mouse Combo - Micro Center
655596,MacAlly Compact Aluminum USB Wired Keyboard - Silver - Micro Center
655598,Energizer Max AA Alkaline Battery - 12 Pack - Micro Center
655603,Texas Instruments TI-36X Pro Scientific Calculator - Micro Center
655604,Cirago Mini DisplayPort to DVI Single Link Adapter - Micro Center
655605,Cirago Mini DisplayPort Male to VGA Female Adapter - Micro Center
655606,Dot Line Silica Gel Microwavable 2pack - Micro Center
655607,Seagate Mobile Drive 4TB USB-C Portable External Hard Drive - Micro Center
655608,Seagate Mobile Drive 5TB USB-C Portable External Hard Drive - Micro Center
655610,"Turtle Beach Ear Force Recon 50P Gaming Headset; In-line Controls, Adjustable/ Removable Mic - Black/ Blue - Micro Center"
655614,Apple EarPods Wired Earbuds - White; 3.5mm Connector; In-line Remote Controls; Built-in Microphone - Micro Center
655615,Apple Earpods Wired Earbuds - White; Lightning Connector; In-line Remote Controls; Built-in Microphone - Micro Center
655617,Apple Pencil (2nd Generation) - Micro Center
655618,Apple Pencil Tips (4-Pack) - Micro Center
655619,Apple USB 2.0 (Type-C) Male to USB 2.0 (Type-C) Male Charge Cable 6 ft. - White - Micro Center
655620,Allsop Metal Art Adjustable Laptop Stand - Micro Center
655621,Cloudz Memory Foam Cool Gel & Bamboo Travel Neck Pillow - Blue - Micro Center
655622,RCA Amplified Indoor Multi-Directional 4K HDTV Antenna - Micro Center
655624,Audiovox Electronics Amplified Indoor Flat Multi-Directional HDTV Antenna w/ Built-in Signal Meter - Micro Center
655627,RCA TP7410R DSL Phone Line Filter - Micro Center
655638,Micro Center - iEssentials Lightning Male to USB 2.0 (Type-A) Male Sync/Charge Cable 6 ft. - Gray IEN-BC6L-GRY
655642,Raspberry Pi Introduction to C & GUI Programming - Micro Center
655643,Raspberry Pi The MagPi essentials: hacking and making in Minecraft - Micro Center
